file,line,type,commit,author,date,time,timezone,datetime,depth,length
index.js,1,js,7624868e,vermastutz,2025-04-25,19:15:15,-07:00,2025-04-25T19:15:15-07:00,0,72
index.js,2,js,7624868e,vermastutz,2025-04-25,19:15:15,-07:00,2025-04-25T19:15:15-07:00,0,0
index.js,3,js,7624868e,vermastutz,2025-04-25,19:15:15,-07:00,2025-04-25T19:15:15-07:00,0,55
index.js,4,js,7624868e,vermastutz,2025-04-25,19:15:15,-07:00,2025-04-25T19:15:15-07:00,0,0
index.js,5,js,7624868e,vermastutz,2025-04-25,19:15:15,-07:00,2025-04-25T19:15:15-07:00,0,43
index.js,6,js,7624868e,vermastutz,2025-04-25,19:15:15,-07:00,2025-04-25T19:15:15-07:00,0,0
index.js,7,js,7624868e,vermastutz,2025-04-25,19:15:15,-07:00,2025-04-25T19:15:15-07:00,0,61
index.js,8,js,7624868e,vermastutz,2025-04-25,19:15:15,-07:00,2025-04-25T19:15:15-07:00,0,0
index.js,9,js,7624868e,vermastutz,2025-04-25,19:15:15,-07:00,2025-04-25T19:15:15-07:00,0,23
index.js,10,js,7624868e,vermastutz,2025-04-25,19:15:15,-07:00,2025-04-25T19:15:15-07:00,0,55
index.js,11,js,c4093941,vermastutz,2025-04-25,19:32:33,-07:00,2025-04-25T19:32:33-07:00,0,0
index.js,12,js,c4093941,vermastutz,2025-04-25,19:32:33,-07:00,2025-04-25T19:32:33-07:00,0,0
index.js,13,js,c4093941,vermastutz,2025-04-25,19:32:33,-07:00,2025-04-25T19:32:33-07:00,0,54
index.js,14,js,c4093941,vermastutz,2025-04-25,19:32:33,-07:00,2025-04-25T19:32:33-07:00,0,61
index.js,15,js,c4093941,vermastutz,2025-04-25,19:32:33,-07:00,2025-04-25T19:32:33-07:00,0,0
index.js,16,js,c4093941,vermastutz,2025-04-25,19:32:33,-07:00,2025-04-25T19:32:33-07:00,0,18
index.js,17,js,c4093941,vermastutz,2025-04-25,19:32:33,-07:00,2025-04-25T19:32:33-07:00,0,25
index.js,18,js,c4093941,vermastutz,2025-04-25,19:32:33,-07:00,2025-04-25T19:32:33-07:00,0,3
index.js,19,js,c4093941,vermastutz,2025-04-25,19:32:33,-07:00,2025-04-25T19:32:33-07:00,0,56
index.js,20,js,c4093941,vermastutz,2025-04-25,19:32:33,-07:00,2025-04-25T19:32:33-07:00,0,56
index.js,21,js,c4093941,vermastutz,2025-04-25,19:32:33,-07:00,2025-04-25T19:32:33-07:00,0,50
index.js,22,js,c4093941,vermastutz,2025-04-25,19:32:33,-07:00,2025-04-25T19:32:33-07:00,0,50
index.js,23,js,c4093941,vermastutz,2025-04-25,19:32:33,-07:00,2025-04-25T19:32:33-07:00,0,4
index.js,24,js,c4093941,vermastutz,2025-04-25,19:32:33,-07:00,2025-04-25T19:32:33-07:00,0,1
index.js,25,js,7624868e,vermastutz,2025-04-25,19:15:15,-07:00,2025-04-25T19:15:15-07:00,0,0
index.html,1,html,45ddd4d4,vermastutz,2025-04-04,17:32:10,-07:00,2025-04-04T17:32:10-07:00,0,14
index.html,2,html,45ddd4d4,vermastutz,2025-04-04,17:32:10,-07:00,2025-04-04T17:32:10-07:00,0,15
index.html,3,html,45ddd4d4,vermastutz,2025-04-04,17:32:10,-07:00,2025-04-04T17:32:10-07:00,0,5
index.html,4,html,25e5224c,vermastutz,2025-04-25,19:23:40,-07:00,2025-04-25T19:23:40-07:00,0,23
index.html,5,html,25e5224c,vermastutz,2025-04-25,19:23:40,-07:00,2025-04-25T19:23:40-07:00,0,71
index.html,6,html,25e5224c,vermastutz,2025-04-25,19:23:40,-07:00,2025-04-25T19:23:40-07:00,0,54
index.html,7,html,25e5224c,vermastutz,2025-04-25,19:23:40,-07:00,2025-04-25T19:23:40-07:00,0,41
index.html,8,html,45ddd4d4,vermastutz,2025-04-04,17:32:10,-07:00,2025-04-04T17:32:10-07:00,0,6
index.html,9,html,07316898,vermastutz,2025-04-11,19:51:28,-07:00,2025-04-11T19:51:28-07:00,0,0
index.html,10,html,45ddd4d4,vermastutz,2025-04-04,17:32:10,-07:00,2025-04-04T17:32:10-07:00,0,5
index.html,11,html,25e5224c,vermastutz,2025-04-25,19:23:40,-07:00,2025-04-25T19:23:40-07:00,0,19
index.html,12,html,1bf70384,vermastutz,2025-04-18,03:04:56,-07:00,2025-04-18T03:04:56-07:00,0,0
index.html,13,html,25e5224c,vermastutz,2025-04-25,19:23:40,-07:00,2025-04-25T19:23:40-07:00,0,77
index.html,14,html,25e5224c,vermastutz,2025-04-25,19:23:40,-07:00,2025-04-25T19:23:40-07:00,0,88
index.html,15,html,7899d080,vermastutz,2025-04-04,18:49:46,-07:00,2025-04-04T18:49:46-07:00,0,0
index.html,16,html,25e5224c,vermastutz,2025-04-25,19:23:40,-07:00,2025-04-25T19:23:40-07:00,0,23
index.html,17,html,25e5224c,vermastutz,2025-04-25,19:23:40,-07:00,2025-04-25T19:23:40-07:00,0,21
index.html,18,html,25e5224c,vermastutz,2025-04-25,19:23:40,-07:00,2025-04-25T19:23:40-07:00,0,50
index.html,19,html,25e5224c,vermastutz,2025-04-25,19:23:40,-07:00,2025-04-25T19:23:40-07:00,0,5
index.html,20,html,1bf70384,vermastutz,2025-04-18,03:04:56,-07:00,2025-04-18T03:04:56-07:00,0,0
index.html,21,html,c4093941,vermastutz,2025-04-25,19:32:33,-07:00,2025-04-25T19:32:33-07:00,0,20
index.html,22,html,c4093941,vermastutz,2025-04-25,19:32:33,-07:00,2025-04-25T19:32:33-07:00,0,23
index.html,23,html,c4093941,vermastutz,2025-04-25,19:32:33,-07:00,2025-04-25T19:32:33-07:00,0,5
index.html,24,html,c4093941,vermastutz,2025-04-25,19:32:33,-07:00,2025-04-25T19:32:33-07:00,0,0
index.html,25,html,25e5224c,vermastutz,2025-04-25,19:23:40,-07:00,2025-04-25T19:23:40-07:00,0,46
index.html,26,html,25e5224c,vermastutz,2025-04-25,19:23:40,-07:00,2025-04-25T19:23:40-07:00,0,51
index.html,27,html,25e5224c,vermastutz,2025-04-25,19:23:40,-07:00,2025-04-25T19:23:40-07:00,0,6
index.html,28,html,25e5224c,vermastutz,2025-04-25,19:23:40,-07:00,2025-04-25T19:23:40-07:00,0,6
global.js,1,js,1bf70384,vermastutz,2025-04-18,03:04:56,-07:00,2025-04-18T03:04:56-07:00,0,26
global.js,2,js,1bf70384,vermastutz,2025-04-18,03:04:56,-07:00,2025-04-18T03:04:56-07:00,0,0
global.js,3,js,1bf70384,vermastutz,2025-04-18,03:04:56,-07:00,2025-04-18T03:04:56-07:00,0,42
global.js,4,js,1bf70384,vermastutz,2025-04-18,03:04:56,-07:00,2025-04-18T03:04:56-07:00,0,53
global.js,5,js,1bf70384,vermastutz,2025-04-18,03:04:56,-07:00,2025-04-18T03:04:56-07:00,0,0
global.js,6,js,1bf70384,vermastutz,2025-04-18,03:04:56,-07:00,2025-04-18T03:04:56-07:00,0,0
global.js,7,js,1bf70384,vermastutz,2025-04-18,03:04:56,-07:00,2025-04-18T03:04:56-07:00,0,0
global.js,8,js,1bf70384,vermastutz,2025-04-18,03:04:56,-07:00,2025-04-18T03:04:56-07:00,0,0
global.js,9,js,1bf70384,vermastutz,2025-04-18,03:04:56,-07:00,2025-04-18T03:04:56-07:00,0,12
global.js,10,js,1bf70384,vermastutz,2025-04-18,03:04:56,-07:00,2025-04-18T03:04:56-07:00,0,26
global.js,11,js,1bf70384,vermastutz,2025-04-18,03:04:56,-07:00,2025-04-18T03:04:56-07:00,0,39
global.js,12,js,1bf70384,vermastutz,2025-04-18,03:04:56,-07:00,2025-04-18T03:04:56-07:00,0,37
global.js,13,js,1bf70384,vermastutz,2025-04-18,03:04:56,-07:00,2025-04-18T03:04:56-07:00,0,35
global.js,14,js,00000000,Not Committed Yet,2025-05-09,18:57:37,-07:00,2025-05-09T18:57:37-07:00,0,31
global.js,15,js,1bf70384,vermastutz,2025-04-18,03:04:56,-07:00,2025-04-18T03:04:56-07:00,0,56
global.js,16,js,1bf70384,vermastutz,2025-04-18,03:04:56,-07:00,2025-04-18T03:04:56-07:00,0,1
global.js,17,js,1bf70384,vermastutz,2025-04-18,03:04:56,-07:00,2025-04-18T03:04:56-07:00,0,0
global.js,18,js,1bf70384,vermastutz,2025-04-18,03:04:56,-07:00,2025-04-18T03:04:56-07:00,0,32
global.js,19,js,1bf70384,vermastutz,2025-04-18,03:04:56,-07:00,2025-04-18T03:04:56-07:00,0,12
global.js,20,js,1bf70384,vermastutz,2025-04-18,03:04:56,-07:00,2025-04-18T03:04:56-07:00,0,0
global.js,21,js,1bf70384,vermastutz,2025-04-18,03:04:56,-07:00,2025-04-18T03:04:56-07:00,0,27
global.js,22,js,1bf70384,vermastutz,2025-04-18,03:04:56,-07:00,2025-04-18T03:04:56-07:00,0,5
global.js,23,js,1bf70384,vermastutz,2025-04-18,03:04:56,-07:00,2025-04-18T03:04:56-07:00,0,7
global.js,24,js,1bf70384,vermastutz,2025-04-18,03:04:56,-07:00,2025-04-18T03:04:56-07:00,0,44
global.js,25,js,1bf70384,vermastutz,2025-04-18,03:04:56,-07:00,2025-04-18T03:04:56-07:00,0,35
global.js,26,js,1bf70384,vermastutz,2025-04-18,03:04:56,-07:00,2025-04-18T03:04:56-07:00,0,33
global.js,27,js,1bf70384,vermastutz,2025-04-18,03:04:56,-07:00,2025-04-18T03:04:56-07:00,0,8
global.js,28,js,1bf70384,vermastutz,2025-04-18,03:04:56,-07:00,2025-04-18T03:04:56-07:00,0,7
global.js,29,js,1bf70384,vermastutz,2025-04-18,03:04:56,-07:00,2025-04-18T03:04:56-07:00,0,0
global.js,30,js,1bf70384,vermastutz,2025-04-18,03:04:56,-07:00,2025-04-18T03:04:56-07:00,0,1
global.js,31,js,1bf70384,vermastutz,2025-04-18,03:04:56,-07:00,2025-04-18T03:04:56-07:00,0,0
global.js,32,js,1bf70384,vermastutz,2025-04-18,03:04:56,-07:00,2025-04-18T03:04:56-07:00,0,16
global.js,33,js,1bf70384,vermastutz,2025-04-18,03:04:56,-07:00,2025-04-18T03:04:56-07:00,0,69
global.js,34,js,1bf70384,vermastutz,2025-04-18,03:04:56,-07:00,2025-04-18T03:04:56-07:00,0,4
global.js,35,js,1bf70384,vermastutz,2025-04-18,03:04:56,-07:00,2025-04-18T03:04:56-07:00,0,17
global.js,36,js,1bf70384,vermastutz,2025-04-18,03:04:56,-07:00,2025-04-18T03:04:56-07:00,0,0
global.js,37,js,1bf70384,vermastutz,2025-04-18,03:04:56,-07:00,2025-04-18T03:04:56-07:00,0,5
global.js,38,js,1bf70384,vermastutz,2025-04-18,03:04:56,-07:00,2025-04-18T03:04:56-07:00,0,39
global.js,39,js,1bf70384,vermastutz,2025-04-18,03:04:56,-07:00,2025-04-18T03:04:56-07:00,0,26
global.js,40,js,1bf70384,vermastutz,2025-04-18,03:04:56,-07:00,2025-04-18T03:04:56-07:00,0,0
global.js,41,js,1bf70384,vermastutz,2025-04-18,03:04:56,-07:00,2025-04-18T03:04:56-07:00,0,7
global.js,42,js,1bf70384,vermastutz,2025-04-18,03:04:56,-07:00,2025-04-18T03:04:56-07:00,0,21
global.js,43,js,1bf70384,vermastutz,2025-04-18,03:04:56,-07:00,2025-04-18T03:04:56-07:00,0,62
global.js,44,js,1bf70384,vermastutz,2025-04-18,03:04:56,-07:00,2025-04-18T03:04:56-07:00,0,0
global.js,45,js,1bf70384,vermastutz,2025-04-18,03:04:56,-07:00,2025-04-18T03:04:56-07:00,0,35
global.js,46,js,1bf70384,vermastutz,2025-04-18,03:04:56,-07:00,2025-04-18T03:04:56-07:00,0,12
global.js,47,js,1bf70384,vermastutz,2025-04-18,03:04:56,-07:00,2025-04-18T03:04:56-07:00,0,23
global.js,48,js,1bf70384,vermastutz,2025-04-18,03:04:56,-07:00,2025-04-18T03:04:56-07:00,0,0
global.js,49,js,1bf70384,vermastutz,2025-04-18,03:04:56,-07:00,2025-04-18T03:04:56-07:00,0,24
global.js,50,js,1bf70384,vermastutz,2025-04-18,03:04:56,-07:00,2025-04-18T03:04:56-07:00,0,18
global.js,51,js,1bf70384,vermastutz,2025-04-18,03:04:56,-07:00,2025-04-18T03:04:56-07:00,0,9
global.js,52,js,1bf70384,vermastutz,2025-04-18,03:04:56,-07:00,2025-04-18T03:04:56-07:00,0,59
global.js,53,js,1bf70384,vermastutz,2025-04-18,03:04:56,-07:00,2025-04-18T03:04:56-07:00,0,1
global.js,54,js,1bf70384,vermastutz,2025-04-18,03:04:56,-07:00,2025-04-18T03:04:56-07:00,0,0
global.js,55,js,1bf70384,vermastutz,2025-04-18,03:04:56,-07:00,2025-04-18T03:04:56-07:00,0,30
global.js,56,js,1bf70384,vermastutz,2025-04-18,03:04:56,-07:00,2025-04-18T03:04:56-07:00,0,19
global.js,57,js,1bf70384,vermastutz,2025-04-18,03:04:56,-07:00,2025-04-18T03:04:56-07:00,0,0
global.js,58,js,1bf70384,vermastutz,2025-04-18,03:04:56,-07:00,2025-04-18T03:04:56-07:00,0,0
global.js,59,js,1bf70384,vermastutz,2025-04-18,03:04:56,-07:00,2025-04-18T03:04:56-07:00,0,13
global.js,60,js,1bf70384,vermastutz,2025-04-18,03:04:56,-07:00,2025-04-18T03:04:56-07:00,0,0
global.js,61,js,1bf70384,vermastutz,2025-04-18,03:04:56,-07:00,2025-04-18T03:04:56-07:00,0,0
global.js,62,js,1bf70384,vermastutz,2025-04-18,03:04:56,-07:00,2025-04-18T03:04:56-07:00,0,59
global.js,63,js,1bf70384,vermastutz,2025-04-18,03:04:56,-07:00,2025-04-18T03:04:56-07:00,0,0
global.js,64,js,1bf70384,vermastutz,2025-04-18,03:04:56,-07:00,2025-04-18T03:04:56-07:00,0,0
global.js,65,js,1bf70384,vermastutz,2025-04-18,03:04:56,-07:00,2025-04-18T03:04:56-07:00,0,31
global.js,66,js,1bf70384,vermastutz,2025-04-18,03:04:56,-07:00,2025-04-18T03:04:56-07:00,0,65
global.js,67,js,1bf70384,vermastutz,2025-04-18,03:04:56,-07:00,2025-04-18T03:04:56-07:00,0,20
global.js,68,js,1bf70384,vermastutz,2025-04-18,03:04:56,-07:00,2025-04-18T03:04:56-07:00,0,0
global.js,69,js,1bf70384,vermastutz,2025-04-18,03:04:56,-07:00,2025-04-18T03:04:56-07:00,0,0
global.js,70,js,1bf70384,vermastutz,2025-04-18,03:04:56,-07:00,2025-04-18T03:04:56-07:00,0,35
global.js,71,js,1bf70384,vermastutz,2025-04-18,03:04:56,-07:00,2025-04-18T03:04:56-07:00,0,40
global.js,72,js,1bf70384,vermastutz,2025-04-18,03:04:56,-07:00,2025-04-18T03:04:56-07:00,0,7
global.js,73,js,1bf70384,vermastutz,2025-04-18,03:04:56,-07:00,2025-04-18T03:04:56-07:00,0,61
global.js,74,js,1bf70384,vermastutz,2025-04-18,03:04:56,-07:00,2025-04-18T03:04:56-07:00,0,77
global.js,75,js,1bf70384,vermastutz,2025-04-18,03:04:56,-07:00,2025-04-18T03:04:56-07:00,0,52
global.js,76,js,1bf70384,vermastutz,2025-04-18,03:04:56,-07:00,2025-04-18T03:04:56-07:00,0,29
global.js,77,js,1bf70384,vermastutz,2025-04-18,03:04:56,-07:00,2025-04-18T03:04:56-07:00,0,0
global.js,78,js,1bf70384,vermastutz,2025-04-18,03:04:56,-07:00,2025-04-18T03:04:56-07:00,0,0
global.js,79,js,1bf70384,vermastutz,2025-04-18,03:04:56,-07:00,2025-04-18T03:04:56-07:00,0,16
global.js,80,js,1bf70384,vermastutz,2025-04-18,03:04:56,-07:00,2025-04-18T03:04:56-07:00,0,50
global.js,81,js,1bf70384,vermastutz,2025-04-18,03:04:56,-07:00,2025-04-18T03:04:56-07:00,0,36
global.js,82,js,1bf70384,vermastutz,2025-04-18,03:04:56,-07:00,2025-04-18T03:04:56-07:00,0,25
global.js,83,js,1bf70384,vermastutz,2025-04-18,03:04:56,-07:00,2025-04-18T03:04:56-07:00,0,36
global.js,84,js,1bf70384,vermastutz,2025-04-18,03:04:56,-07:00,2025-04-18T03:04:56-07:00,0,2
global.js,85,js,1bf70384,vermastutz,2025-04-18,03:04:56,-07:00,2025-04-18T03:04:56-07:00,0,0
global.js,86,js,1bf70384,vermastutz,2025-04-18,03:04:56,-07:00,2025-04-18T03:04:56-07:00,0,0
global.js,87,js,1bf70384,vermastutz,2025-04-18,03:04:56,-07:00,2025-04-18T03:04:56-07:00,0,14
global.js,88,js,1bf70384,vermastutz,2025-04-18,03:04:56,-07:00,2025-04-18T03:04:56-07:00,0,52
global.js,89,js,1bf70384,vermastutz,2025-04-18,03:04:56,-07:00,2025-04-18T03:04:56-07:00,0,0
global.js,90,js,1bf70384,vermastutz,2025-04-18,03:04:56,-07:00,2025-04-18T03:04:56-07:00,0,50
global.js,91,js,1bf70384,vermastutz,2025-04-18,03:04:56,-07:00,2025-04-18T03:04:56-07:00,0,52
global.js,92,js,1bf70384,vermastutz,2025-04-18,03:04:56,-07:00,2025-04-18T03:04:56-07:00,0,0
global.js,93,js,1bf70384,vermastutz,2025-04-18,03:04:56,-07:00,2025-04-18T03:04:56-07:00,0,31
global.js,94,js,1bf70384,vermastutz,2025-04-18,03:04:56,-07:00,2025-04-18T03:04:56-07:00,0,17
global.js,95,js,1bf70384,vermastutz,2025-04-18,03:04:56,-07:00,2025-04-18T03:04:56-07:00,0,0
global.js,96,js,1bf70384,vermastutz,2025-04-18,03:04:56,-07:00,2025-04-18T03:04:56-07:00,0,31
global.js,97,js,1bf70384,vermastutz,2025-04-18,03:04:56,-07:00,2025-04-18T03:04:56-07:00,0,50
global.js,98,js,1bf70384,vermastutz,2025-04-18,03:04:56,-07:00,2025-04-18T03:04:56-07:00,0,0
global.js,99,js,1bf70384,vermastutz,2025-04-18,03:04:56,-07:00,2025-04-18T03:04:56-07:00,0,0
global.js,100,js,1bf70384,vermastutz,2025-04-18,03:04:56,-07:00,2025-04-18T03:04:56-07:00,0,54
global.js,101,js,1bf70384,vermastutz,2025-04-18,03:04:56,-07:00,2025-04-18T03:04:56-07:00,0,25
global.js,102,js,17067399,vermastutz,2025-04-25,18:25:16,-07:00,2025-04-25T18:25:16-07:00,0,2
global.js,103,js,17067399,vermastutz,2025-04-25,18:25:16,-07:00,2025-04-25T18:25:16-07:00,0,0
global.js,104,js,17067399,vermastutz,2025-04-25,18:25:16,-07:00,2025-04-25T18:25:16-07:00,0,37
global.js,105,js,17067399,vermastutz,2025-04-25,18:25:16,-07:00,2025-04-25T18:25:16-07:00,0,4
global.js,106,js,17067399,vermastutz,2025-04-25,18:25:16,-07:00,2025-04-25T18:25:16-07:00,0,33
global.js,107,js,17067399,vermastutz,2025-04-25,18:25:16,-07:00,2025-04-25T18:25:16-07:00,0,18
global.js,108,js,17067399,vermastutz,2025-04-25,18:25:16,-07:00,2025-04-25T18:25:16-07:00,0,58
global.js,109,js,17067399,vermastutz,2025-04-25,18:25:16,-07:00,2025-04-25T18:25:16-07:00,0,0
global.js,110,js,17067399,vermastutz,2025-04-25,18:25:16,-07:00,2025-04-25T18:25:16-07:00,0,34
global.js,111,js,17067399,vermastutz,2025-04-25,18:25:16,-07:00,2025-04-25T18:25:16-07:00,0,11
global.js,112,js,17067399,vermastutz,2025-04-25,18:25:16,-07:00,2025-04-25T18:25:16-07:00,0,16
global.js,113,js,17067399,vermastutz,2025-04-25,18:25:16,-07:00,2025-04-25T18:25:16-07:00,0,60
global.js,114,js,17067399,vermastutz,2025-04-25,18:25:16,-07:00,2025-04-25T18:25:16-07:00,0,0
global.js,115,js,17067399,vermastutz,2025-04-25,18:25:16,-07:00,2025-04-25T18:25:16-07:00,0,0
global.js,116,js,17067399,vermastutz,2025-04-25,18:25:16,-07:00,2025-04-25T18:25:16-07:00,0,0
global.js,117,js,17067399,vermastutz,2025-04-25,18:25:16,-07:00,2025-04-25T18:25:16-07:00,0,80
global.js,118,js,17067399,vermastutz,2025-04-25,18:25:16,-07:00,2025-04-25T18:25:16-07:00,0,57
global.js,119,js,17067399,vermastutz,2025-04-25,18:25:16,-07:00,2025-04-25T18:25:16-07:00,0,0
global.js,120,js,17067399,vermastutz,2025-04-25,18:25:16,-07:00,2025-04-25T18:25:16-07:00,0,32
global.js,121,js,17067399,vermastutz,2025-04-25,18:25:16,-07:00,2025-04-25T18:25:16-07:00,0,49
global.js,122,js,17067399,vermastutz,2025-04-25,18:25:16,-07:00,2025-04-25T18:25:16-07:00,0,20
global.js,123,js,aecead2d,vermastutz,2025-05-02,20:17:24,-07:00,2025-05-02T20:17:24-07:00,0,25
global.js,124,js,aecead2d,vermastutz,2025-05-02,20:17:24,-07:00,2025-05-02T20:17:24-07:00,0,50
global.js,125,js,aecead2d,vermastutz,2025-05-02,20:17:24,-07:00,2025-05-02T20:17:24-07:00,0,50
global.js,126,js,aecead2d,vermastutz,2025-05-02,20:17:24,-07:00,2025-05-02T20:17:24-07:00,0,51
global.js,127,js,aecead2d,vermastutz,2025-05-02,20:17:24,-07:00,2025-05-02T20:17:24-07:00,0,56
global.js,128,js,aecead2d,vermastutz,2025-05-02,20:17:24,-07:00,2025-05-02T20:17:24-07:00,0,5
global.js,129,js,17067399,vermastutz,2025-04-25,18:25:16,-07:00,2025-04-25T18:25:16-07:00,0,1
global.js,130,js,17067399,vermastutz,2025-04-25,18:25:16,-07:00,2025-04-25T18:25:16-07:00,0,37
global.js,131,js,17067399,vermastutz,2025-04-25,18:25:16,-07:00,2025-04-25T18:25:16-07:00,0,0
global.js,132,js,25e5224c,vermastutz,2025-04-25,19:23:40,-07:00,2025-04-25T19:23:40-07:00,0,0
global.js,133,js,25e5224c,vermastutz,2025-04-25,19:23:40,-07:00,2025-04-25T19:23:40-07:00,0,0
global.js,134,js,aecead2d,vermastutz,2025-05-02,20:17:24,-07:00,2025-05-02T20:17:24-07:00,0,0
global.js,135,js,25e5224c,vermastutz,2025-04-25,19:23:40,-07:00,2025-04-25T19:23:40-07:00,0,48
global.js,136,js,31cc468f,vermastutz,2025-04-25,19:44:18,-07:00,2025-04-25T19:44:18-07:00,0,60
global.js,137,js,c4093941,vermastutz,2025-04-25,19:32:33,-07:00,2025-04-25T19:32:33-07:00,0,0
global.js,138,js,c4093941,vermastutz,2025-04-25,19:32:33,-07:00,2025-04-25T19:32:33-07:00,0,0
resume/index.html,1,html,7899d080,vermastutz,2025-04-04,18:49:46,-07:00,2025-04-04T18:49:46-07:00,0,22
resume/index.html,2,html,1bf70384,vermastutz,2025-04-18,03:04:56,-07:00,2025-04-18T03:04:56-07:00,0,0
resume/index.html,3,html,07316898,vermastutz,2025-04-11,19:51:28,-07:00,2025-04-11T19:51:28-07:00,0,27
resume/index.html,4,html,1bf70384,vermastutz,2025-04-18,03:04:56,-07:00,2025-04-18T03:04:56-07:00,0,16
resume/index.html,5,html,07316898,vermastutz,2025-04-11,19:51:28,-07:00,2025-04-11T19:51:28-07:00,0,8
resume/index.html,6,html,07316898,vermastutz,2025-04-11,19:51:28,-07:00,2025-04-11T19:51:28-07:00,0,16
resume/index.html,7,html,07316898,vermastutz,2025-04-11,19:51:28,-07:00,2025-04-11T19:51:28-07:00,0,258
resume/index.html,8,html,07316898,vermastutz,2025-04-11,19:51:28,-07:00,2025-04-11T19:51:28-07:00,0,9
resume/index.html,9,html,07316898,vermastutz,2025-04-11,19:51:28,-07:00,2025-04-11T19:51:28-07:00,0,5
resume/index.html,10,html,07316898,vermastutz,2025-04-11,19:51:28,-07:00,2025-04-11T19:51:28-07:00,0,42
resume/index.html,11,html,07316898,vermastutz,2025-04-11,19:51:28,-07:00,2025-04-11T19:51:28-07:00,0,6
resume/index.html,12,html,07316898,vermastutz,2025-04-11,19:51:28,-07:00,2025-04-11T19:51:28-07:00,0,0
resume/index.html,13,html,7899d080,vermastutz,2025-04-04,18:49:46,-07:00,2025-04-04T18:49:46-07:00,0,0
resume/index.html,14,html,7899d080,vermastutz,2025-04-04,18:49:46,-07:00,2025-04-04T18:49:46-07:00,0,5
resume/index.html,15,html,7899d080,vermastutz,2025-04-04,18:49:46,-07:00,2025-04-04T18:49:46-07:00,0,0
resume/index.html,16,html,7899d080,vermastutz,2025-04-04,18:49:46,-07:00,2025-04-04T18:49:46-07:00,0,8
resume/index.html,17,html,7899d080,vermastutz,2025-04-04,18:49:46,-07:00,2025-04-04T18:49:46-07:00,0,17
resume/index.html,18,html,7899d080,vermastutz,2025-04-04,18:49:46,-07:00,2025-04-04T18:49:46-07:00,0,98
resume/index.html,19,html,7899d080,vermastutz,2025-04-04,18:49:46,-07:00,2025-04-04T18:49:46-07:00,0,11
resume/index.html,20,html,7899d080,vermastutz,2025-04-04,18:49:46,-07:00,2025-04-04T18:49:46-07:00,0,55
resume/index.html,21,html,7899d080,vermastutz,2025-04-04,18:49:46,-07:00,2025-04-04T18:49:46-07:00,0,181
resume/index.html,22,html,7899d080,vermastutz,2025-04-04,18:49:46,-07:00,2025-04-04T18:49:46-07:00,0,9
resume/index.html,23,html,7899d080,vermastutz,2025-04-04,18:49:46,-07:00,2025-04-04T18:49:46-07:00,0,0
resume/index.html,24,html,7899d080,vermastutz,2025-04-04,18:49:46,-07:00,2025-04-04T18:49:46-07:00,0,8
resume/index.html,25,html,7899d080,vermastutz,2025-04-04,18:49:46,-07:00,2025-04-04T18:49:46-07:00,0,23
resume/index.html,26,html,7899d080,vermastutz,2025-04-04,18:49:46,-07:00,2025-04-04T18:49:46-07:00,0,0
resume/index.html,27,html,7899d080,vermastutz,2025-04-04,18:49:46,-07:00,2025-04-04T18:49:46-07:00,0,8
resume/index.html,28,html,7899d080,vermastutz,2025-04-04,18:49:46,-07:00,2025-04-04T18:49:46-07:00,0,44
resume/index.html,29,html,7899d080,vermastutz,2025-04-04,18:49:46,-07:00,2025-04-04T18:49:46-07:00,0,59
resume/index.html,30,html,7899d080,vermastutz,2025-04-04,18:49:46,-07:00,2025-04-04T18:49:46-07:00,0,3
resume/index.html,31,html,7899d080,vermastutz,2025-04-04,18:49:46,-07:00,2025-04-04T18:49:46-07:00,0,68
resume/index.html,32,html,7899d080,vermastutz,2025-04-04,18:49:46,-07:00,2025-04-04T18:49:46-07:00,0,67
resume/index.html,33,html,7899d080,vermastutz,2025-04-04,18:49:46,-07:00,2025-04-04T18:49:46-07:00,0,41
resume/index.html,34,html,7899d080,vermastutz,2025-04-04,18:49:46,-07:00,2025-04-04T18:49:46-07:00,0,4
resume/index.html,35,html,7899d080,vermastutz,2025-04-04,18:49:46,-07:00,2025-04-04T18:49:46-07:00,0,9
resume/index.html,36,html,7899d080,vermastutz,2025-04-04,18:49:46,-07:00,2025-04-04T18:49:46-07:00,0,0
resume/index.html,37,html,7899d080,vermastutz,2025-04-04,18:49:46,-07:00,2025-04-04T18:49:46-07:00,0,8
resume/index.html,38,html,7899d080,vermastutz,2025-04-04,18:49:46,-07:00,2025-04-04T18:49:46-07:00,0,48
resume/index.html,39,html,7899d080,vermastutz,2025-04-04,18:49:46,-07:00,2025-04-04T18:49:46-07:00,0,54
resume/index.html,40,html,7899d080,vermastutz,2025-04-04,18:49:46,-07:00,2025-04-04T18:49:46-07:00,0,3
resume/index.html,41,html,7899d080,vermastutz,2025-04-04,18:49:46,-07:00,2025-04-04T18:49:46-07:00,0,59
resume/index.html,42,html,7899d080,vermastutz,2025-04-04,18:49:46,-07:00,2025-04-04T18:49:46-07:00,0,70
resume/index.html,43,html,7899d080,vermastutz,2025-04-04,18:49:46,-07:00,2025-04-04T18:49:46-07:00,0,4
resume/index.html,44,html,7899d080,vermastutz,2025-04-04,18:49:46,-07:00,2025-04-04T18:49:46-07:00,0,9
resume/index.html,45,html,7899d080,vermastutz,2025-04-04,18:49:46,-07:00,2025-04-04T18:49:46-07:00,0,0
resume/index.html,46,html,7899d080,vermastutz,2025-04-04,18:49:46,-07:00,2025-04-04T18:49:46-07:00,0,8
resume/index.html,47,html,7899d080,vermastutz,2025-04-04,18:49:46,-07:00,2025-04-04T18:49:46-07:00,0,37
resume/index.html,48,html,7899d080,vermastutz,2025-04-04,18:49:46,-07:00,2025-04-04T18:49:46-07:00,0,59
resume/index.html,49,html,7899d080,vermastutz,2025-04-04,18:49:46,-07:00,2025-04-04T18:49:46-07:00,0,3
resume/index.html,50,html,7899d080,vermastutz,2025-04-04,18:49:46,-07:00,2025-04-04T18:49:46-07:00,0,54
resume/index.html,51,html,7899d080,vermastutz,2025-04-04,18:49:46,-07:00,2025-04-04T18:49:46-07:00,0,48
resume/index.html,52,html,7899d080,vermastutz,2025-04-04,18:49:46,-07:00,2025-04-04T18:49:46-07:00,0,62
resume/index.html,53,html,7899d080,vermastutz,2025-04-04,18:49:46,-07:00,2025-04-04T18:49:46-07:00,0,4
resume/index.html,54,html,7899d080,vermastutz,2025-04-04,18:49:46,-07:00,2025-04-04T18:49:46-07:00,0,9
resume/index.html,55,html,7899d080,vermastutz,2025-04-04,18:49:46,-07:00,2025-04-04T18:49:46-07:00,0,9
resume/index.html,56,html,7899d080,vermastutz,2025-04-04,18:49:46,-07:00,2025-04-04T18:49:46-07:00,0,0
resume/index.html,57,html,7899d080,vermastutz,2025-04-04,18:49:46,-07:00,2025-04-04T18:49:46-07:00,0,8
resume/index.html,58,html,7899d080,vermastutz,2025-04-04,18:49:46,-07:00,2025-04-04T18:49:46-07:00,0,29
resume/index.html,59,html,7899d080,vermastutz,2025-04-04,18:49:46,-07:00,2025-04-04T18:49:46-07:00,0,0
resume/index.html,60,html,7899d080,vermastutz,2025-04-04,18:49:46,-07:00,2025-04-04T18:49:46-07:00,0,8
resume/index.html,61,html,7899d080,vermastutz,2025-04-04,18:49:46,-07:00,2025-04-04T18:49:46-07:00,0,41
resume/index.html,62,html,7899d080,vermastutz,2025-04-04,18:49:46,-07:00,2025-04-04T18:49:46-07:00,0,34
resume/index.html,63,html,7899d080,vermastutz,2025-04-04,18:49:46,-07:00,2025-04-04T18:49:46-07:00,0,3
resume/index.html,64,html,7899d080,vermastutz,2025-04-04,18:49:46,-07:00,2025-04-04T18:49:46-07:00,0,62
resume/index.html,65,html,7899d080,vermastutz,2025-04-04,18:49:46,-07:00,2025-04-04T18:49:46-07:00,0,68
resume/index.html,66,html,7899d080,vermastutz,2025-04-04,18:49:46,-07:00,2025-04-04T18:49:46-07:00,0,54
resume/index.html,67,html,7899d080,vermastutz,2025-04-04,18:49:46,-07:00,2025-04-04T18:49:46-07:00,0,4
resume/index.html,68,html,7899d080,vermastutz,2025-04-04,18:49:46,-07:00,2025-04-04T18:49:46-07:00,0,9
resume/index.html,69,html,7899d080,vermastutz,2025-04-04,18:49:46,-07:00,2025-04-04T18:49:46-07:00,0,0
resume/index.html,70,html,7899d080,vermastutz,2025-04-04,18:49:46,-07:00,2025-04-04T18:49:46-07:00,0,8
resume/index.html,71,html,7899d080,vermastutz,2025-04-04,18:49:46,-07:00,2025-04-04T18:49:46-07:00,0,42
resume/index.html,72,html,7899d080,vermastutz,2025-04-04,18:49:46,-07:00,2025-04-04T18:49:46-07:00,0,59
resume/index.html,73,html,7899d080,vermastutz,2025-04-04,18:49:46,-07:00,2025-04-04T18:49:46-07:00,0,3
resume/index.html,74,html,7899d080,vermastutz,2025-04-04,18:49:46,-07:00,2025-04-04T18:49:46-07:00,0,59
resume/index.html,75,html,7899d080,vermastutz,2025-04-04,18:49:46,-07:00,2025-04-04T18:49:46-07:00,0,68
resume/index.html,76,html,7899d080,vermastutz,2025-04-04,18:49:46,-07:00,2025-04-04T18:49:46-07:00,0,4
resume/index.html,77,html,7899d080,vermastutz,2025-04-04,18:49:46,-07:00,2025-04-04T18:49:46-07:00,0,9
resume/index.html,78,html,7899d080,vermastutz,2025-04-04,18:49:46,-07:00,2025-04-04T18:49:46-07:00,0,9
resume/index.html,79,html,7899d080,vermastutz,2025-04-04,18:49:46,-07:00,2025-04-04T18:49:46-07:00,0,0
resume/index.html,80,html,7899d080,vermastutz,2025-04-04,18:49:46,-07:00,2025-04-04T18:49:46-07:00,0,8
resume/index.html,81,html,7899d080,vermastutz,2025-04-04,18:49:46,-07:00,2025-04-04T18:49:46-07:00,0,14
resume/index.html,82,html,7899d080,vermastutz,2025-04-04,18:49:46,-07:00,2025-04-04T18:49:46-07:00,0,3
resume/index.html,83,html,7899d080,vermastutz,2025-04-04,18:49:46,-07:00,2025-04-04T18:49:46-07:00,0,54
resume/index.html,84,html,7899d080,vermastutz,2025-04-04,18:49:46,-07:00,2025-04-04T18:49:46-07:00,0,45
resume/index.html,85,html,7899d080,vermastutz,2025-04-04,18:49:46,-07:00,2025-04-04T18:49:46-07:00,0,61
resume/index.html,86,html,7899d080,vermastutz,2025-04-04,18:49:46,-07:00,2025-04-04T18:49:46-07:00,0,4
resume/index.html,87,html,7899d080,vermastutz,2025-04-04,18:49:46,-07:00,2025-04-04T18:49:46-07:00,0,9
resume/index.html,88,html,1bf70384,vermastutz,2025-04-18,03:04:56,-07:00,2025-04-18T03:04:56-07:00,0,49
resume/index.html,89,html,7899d080,vermastutz,2025-04-04,18:49:46,-07:00,2025-04-04T18:49:46-07:00,0,6
resume/index.html,90,html,1bf70384,vermastutz,2025-04-18,03:04:56,-07:00,2025-04-18T03:04:56-07:00,0,5
resume/index.html,91,html,7899d080,vermastutz,2025-04-04,18:49:46,-07:00,2025-04-04T18:49:46-07:00,0,6
projects/projects.js,1,js,17067399,vermastutz,2025-04-25,18:25:16,-07:00,2025-04-25T18:25:16-07:00,0,56
projects/projects.js,2,js,aecead2d,vermastutz,2025-05-02,20:17:24,-07:00,2025-05-02T20:17:24-07:00,0,64
projects/projects.js,3,js,aecead2d,vermastutz,2025-05-02,20:17:24,-07:00,2025-05-02T20:17:24-07:00,0,0
projects/projects.js,4,js,aecead2d,vermastutz,2025-05-02,20:17:24,-07:00,2025-05-02T20:17:24-07:00,0,22
projects/projects.js,5,js,aecead2d,vermastutz,2025-05-02,20:17:24,-07:00,2025-05-02T20:17:24-07:00,0,14
projects/projects.js,6,js,17067399,vermastutz,2025-04-25,18:25:16,-07:00,2025-04-25T18:25:16-07:00,0,0
projects/projects.js,7,js,17067399,vermastutz,2025-04-25,18:25:16,-07:00,2025-04-25T18:25:16-07:00,0,56
projects/projects.js,8,js,17067399,vermastutz,2025-04-25,18:25:16,-07:00,2025-04-25T18:25:16-07:00,0,61
projects/projects.js,9,js,82d27447,vermastutz,2025-04-25,18:53:29,-07:00,2025-04-25T18:53:29-07:00,0,55
projects/projects.js,10,js,aecead2d,vermastutz,2025-05-02,20:17:24,-07:00,2025-05-02T20:17:24-07:00,0,56
projects/projects.js,11,js,aecead2d,vermastutz,2025-05-02,20:17:24,-07:00,2025-05-02T20:17:24-07:00,0,43
projects/projects.js,12,js,aecead2d,vermastutz,2025-05-02,20:17:24,-07:00,2025-05-02T20:17:24-07:00,0,35
projects/projects.js,13,js,82d27447,vermastutz,2025-04-25,18:53:29,-07:00,2025-04-25T18:53:29-07:00,0,0
projects/projects.js,14,js,82d27447,vermastutz,2025-04-25,18:53:29,-07:00,2025-04-25T18:53:29-07:00,0,11
projects/projects.js,15,js,82d27447,vermastutz,2025-04-25,18:53:29,-07:00,2025-04-25T18:53:29-07:00,0,51
projects/projects.js,16,js,aecead2d,vermastutz,2025-05-02,20:17:24,-07:00,2025-05-02T20:17:24-07:00,0,0
projects/projects.js,17,js,aecead2d,vermastutz,2025-05-02,20:17:24,-07:00,2025-05-02T20:17:24-07:00,0,0
projects/projects.js,18,js,aecead2d,vermastutz,2025-05-02,20:17:24,-07:00,2025-05-02T20:17:24-07:00,0,63
projects/projects.js,19,js,aecead2d,vermastutz,2025-05-02,20:17:24,-07:00,2025-05-02T20:17:24-07:00,0,28
projects/projects.js,20,js,aecead2d,vermastutz,2025-05-02,20:17:24,-07:00,2025-05-02T20:17:24-07:00,0,36
projects/projects.js,21,js,aecead2d,vermastutz,2025-05-02,20:17:24,-07:00,2025-05-02T20:17:24-07:00,0,62
projects/projects.js,22,js,aecead2d,vermastutz,2025-05-02,20:17:24,-07:00,2025-05-02T20:17:24-07:00,0,43
projects/projects.js,23,js,aecead2d,vermastutz,2025-05-02,20:17:24,-07:00,2025-05-02T20:17:24-07:00,0,18
projects/projects.js,24,js,aecead2d,vermastutz,2025-05-02,20:17:24,-07:00,2025-05-02T20:17:24-07:00,0,22
projects/projects.js,25,js,aecead2d,vermastutz,2025-05-02,20:17:24,-07:00,2025-05-02T20:17:24-07:00,0,43
projects/projects.js,26,js,aecead2d,vermastutz,2025-05-02,20:17:24,-07:00,2025-05-02T20:17:24-07:00,0,34
projects/projects.js,27,js,aecead2d,vermastutz,2025-05-02,20:17:24,-07:00,2025-05-02T20:17:24-07:00,0,2
projects/projects.js,28,js,aecead2d,vermastutz,2025-05-02,20:17:24,-07:00,2025-05-02T20:17:24-07:00,0,0
projects/projects.js,29,js,aecead2d,vermastutz,2025-05-02,20:17:24,-07:00,2025-05-02T20:17:24-07:00,0,0
projects/projects.js,30,js,aecead2d,vermastutz,2025-05-02,20:17:24,-07:00,2025-05-02T20:17:24-07:00,0,49
projects/projects.js,31,js,aecead2d,vermastutz,2025-05-02,20:17:24,-07:00,2025-05-02T20:17:24-07:00,0,13
projects/projects.js,32,js,aecead2d,vermastutz,2025-05-02,20:17:24,-07:00,2025-05-02T20:17:24-07:00,0,0
projects/projects.js,33,js,aecead2d,vermastutz,2025-05-02,20:17:24,-07:00,2025-05-02T20:17:24-07:00,0,41
projects/projects.js,34,js,aecead2d,vermastutz,2025-05-02,20:17:24,-07:00,2025-05-02T20:17:24-07:00,0,39
projects/projects.js,35,js,aecead2d,vermastutz,2025-05-02,20:17:24,-07:00,2025-05-02T20:17:24-07:00,0,30
projects/projects.js,36,js,aecead2d,vermastutz,2025-05-02,20:17:24,-07:00,2025-05-02T20:17:24-07:00,0,31
projects/projects.js,37,js,aecead2d,vermastutz,2025-05-02,20:17:24,-07:00,2025-05-02T20:17:24-07:00,0,0
projects/projects.js,38,js,aecead2d,vermastutz,2025-05-02,20:17:24,-07:00,2025-05-02T20:17:24-07:00,0,29
projects/projects.js,39,js,aecead2d,vermastutz,2025-05-02,20:17:24,-07:00,2025-05-02T20:17:24-07:00,0,13
projects/projects.js,40,js,aecead2d,vermastutz,2025-05-02,20:17:24,-07:00,2025-05-02T20:17:24-07:00,0,15
projects/projects.js,41,js,aecead2d,vermastutz,2025-05-02,20:17:24,-07:00,2025-05-02T20:17:24-07:00,0,12
projects/projects.js,42,js,aecead2d,vermastutz,2025-05-02,20:17:24,-07:00,2025-05-02T20:17:24-07:00,0,1
projects/projects.js,43,js,aecead2d,vermastutz,2025-05-02,20:17:24,-07:00,2025-05-02T20:17:24-07:00,0,0
projects/projects.js,44,js,aecead2d,vermastutz,2025-05-02,20:17:24,-07:00,2025-05-02T20:17:24-07:00,0,42
projects/projects.js,45,js,aecead2d,vermastutz,2025-05-02,20:17:24,-07:00,2025-05-02T20:17:24-07:00,0,11
projects/projects.js,46,js,aecead2d,vermastutz,2025-05-02,20:17:24,-07:00,2025-05-02T20:17:24-07:00,0,12
projects/projects.js,47,js,aecead2d,vermastutz,2025-05-02,20:17:24,-07:00,2025-05-02T20:17:24-07:00,0,3
projects/projects.js,48,js,aecead2d,vermastutz,2025-05-02,20:17:24,-07:00,2025-05-02T20:17:24-07:00,0,0
projects/projects.js,49,js,aecead2d,vermastutz,2025-05-02,20:17:24,-07:00,2025-05-02T20:17:24-07:00,0,60
projects/projects.js,50,js,aecead2d,vermastutz,2025-05-02,20:17:24,-07:00,2025-05-02T20:17:24-07:00,0,53
projects/projects.js,51,js,aecead2d,vermastutz,2025-05-02,20:17:24,-07:00,2025-05-02T20:17:24-07:00,0,36
projects/projects.js,52,js,aecead2d,vermastutz,2025-05-02,20:17:24,-07:00,2025-05-02T20:17:24-07:00,0,50
projects/projects.js,53,js,aecead2d,vermastutz,2025-05-02,20:17:24,-07:00,2025-05-02T20:17:24-07:00,0,0
projects/projects.js,54,js,aecead2d,vermastutz,2025-05-02,20:17:24,-07:00,2025-05-02T20:17:24-07:00,0,17
projects/projects.js,55,js,aecead2d,vermastutz,2025-05-02,20:17:24,-07:00,2025-05-02T20:17:24-07:00,0,26
projects/projects.js,56,js,aecead2d,vermastutz,2025-05-02,20:17:24,-07:00,2025-05-02T20:17:24-07:00,0,17
projects/projects.js,57,js,aecead2d,vermastutz,2025-05-02,20:17:24,-07:00,2025-05-02T20:17:24-07:00,0,26
projects/projects.js,58,js,aecead2d,vermastutz,2025-05-02,20:17:24,-07:00,2025-05-02T20:17:24-07:00,0,23
projects/projects.js,59,js,aecead2d,vermastutz,2025-05-02,20:17:24,-07:00,2025-05-02T20:17:24-07:00,0,52
projects/projects.js,60,js,aecead2d,vermastutz,2025-05-02,20:17:24,-07:00,2025-05-02T20:17:24-07:00,0,26
projects/projects.js,61,js,aecead2d,vermastutz,2025-05-02,20:17:24,-07:00,2025-05-02T20:17:24-07:00,0,19
projects/projects.js,62,js,aecead2d,vermastutz,2025-05-02,20:17:24,-07:00,2025-05-02T20:17:24-07:00,0,44
projects/projects.js,63,js,aecead2d,vermastutz,2025-05-02,20:17:24,-07:00,2025-05-02T20:17:24-07:00,0,0
projects/projects.js,64,js,aecead2d,vermastutz,2025-05-02,20:17:24,-07:00,2025-05-02T20:17:24-07:00,0,40
projects/projects.js,65,js,aecead2d,vermastutz,2025-05-02,20:17:24,-07:00,2025-05-02T20:17:24-07:00,0,26
projects/projects.js,66,js,aecead2d,vermastutz,2025-05-02,20:17:24,-07:00,2025-05-02T20:17:24-07:00,0,49
projects/projects.js,67,js,aecead2d,vermastutz,2025-05-02,20:17:24,-07:00,2025-05-02T20:17:24-07:00,0,7
projects/projects.js,68,js,aecead2d,vermastutz,2025-05-02,20:17:24,-07:00,2025-05-02T20:17:24-07:00,0,46
projects/projects.js,69,js,aecead2d,vermastutz,2025-05-02,20:17:24,-07:00,2025-05-02T20:17:24-07:00,0,38
projects/projects.js,70,js,aecead2d,vermastutz,2025-05-02,20:17:24,-07:00,2025-05-02T20:17:24-07:00,0,41
projects/projects.js,71,js,aecead2d,vermastutz,2025-05-02,20:17:24,-07:00,2025-05-02T20:17:24-07:00,0,1
projects/projects.js,72,js,aecead2d,vermastutz,2025-05-02,20:17:24,-07:00,2025-05-02T20:17:24-07:00,0,55
projects/projects.js,73,js,aecead2d,vermastutz,2025-05-02,20:17:24,-07:00,2025-05-02T20:17:24-07:00,0,0
projects/projects.js,74,js,aecead2d,vermastutz,2025-05-02,20:17:24,-07:00,2025-05-02T20:17:24-07:00,0,0
projects/projects.js,75,js,aecead2d,vermastutz,2025-05-02,20:17:24,-07:00,2025-05-02T20:17:24-07:00,0,48
projects/projects.js,76,js,aecead2d,vermastutz,2025-05-02,20:17:24,-07:00,2025-05-02T20:17:24-07:00,0,24
projects/projects.js,77,js,aecead2d,vermastutz,2025-05-02,20:17:24,-07:00,2025-05-02T20:17:24-07:00,0,2
projects/projects.js,78,js,aecead2d,vermastutz,2025-05-02,20:17:24,-07:00,2025-05-02T20:17:24-07:00,0,2
projects/projects.js,79,js,aecead2d,vermastutz,2025-05-02,20:17:24,-07:00,2025-05-02T20:17:24-07:00,0,0
projects/projects.js,80,js,aecead2d,vermastutz,2025-05-02,20:17:24,-07:00,2025-05-02T20:17:24-07:00,0,13
projects/projects.js,81,js,aecead2d,vermastutz,2025-05-02,20:17:24,-07:00,2025-05-02T20:17:24-07:00,0,23
projects/projects.js,82,js,aecead2d,vermastutz,2025-05-02,20:17:24,-07:00,2025-05-02T20:17:24-07:00,0,5
projects/projects.js,83,js,aecead2d,vermastutz,2025-05-02,20:17:24,-07:00,2025-05-02T20:17:24-07:00,0,12
projects/projects.js,84,js,aecead2d,vermastutz,2025-05-02,20:17:24,-07:00,2025-05-02T20:17:24-07:00,0,37
projects/projects.js,85,js,aecead2d,vermastutz,2025-05-02,20:17:24,-07:00,2025-05-02T20:17:24-07:00,0,52
projects/projects.js,86,js,aecead2d,vermastutz,2025-05-02,20:17:24,-07:00,2025-05-02T20:17:24-07:00,0,69
projects/projects.js,87,js,aecead2d,vermastutz,2025-05-02,20:17:24,-07:00,2025-05-02T20:17:24-07:00,0,19
projects/projects.js,88,js,aecead2d,vermastutz,2025-05-02,20:17:24,-07:00,2025-05-02T20:17:24-07:00,0,44
projects/projects.js,89,js,aecead2d,vermastutz,2025-05-02,20:17:24,-07:00,2025-05-02T20:17:24-07:00,0,59
projects/projects.js,90,js,aecead2d,vermastutz,2025-05-02,20:17:24,-07:00,2025-05-02T20:17:24-07:00,0,34
projects/projects.js,91,js,aecead2d,vermastutz,2025-05-02,20:17:24,-07:00,2025-05-02T20:17:24-07:00,0,2
projects/projects.js,92,js,aecead2d,vermastutz,2025-05-02,20:17:24,-07:00,2025-05-02T20:17:24-07:00,0,2
projects/projects.js,93,js,aecead2d,vermastutz,2025-05-02,20:17:24,-07:00,2025-05-02T20:17:24-07:00,0,0
projects/projects.js,94,js,aecead2d,vermastutz,2025-05-02,20:17:24,-07:00,2025-05-02T20:17:24-07:00,0,0
projects/projects.js,95,js,aecead2d,vermastutz,2025-05-02,20:17:24,-07:00,2025-05-02T20:17:24-07:00,0,19
projects/projects.js,96,js,aecead2d,vermastutz,2025-05-02,20:17:24,-07:00,2025-05-02T20:17:24-07:00,0,49
projects/projects.js,97,js,aecead2d,vermastutz,2025-05-02,20:17:24,-07:00,2025-05-02T20:17:24-07:00,0,24
projects/projects.js,98,js,aecead2d,vermastutz,2025-05-02,20:17:24,-07:00,2025-05-02T20:17:24-07:00,0,0
projects/projects.js,99,js,aecead2d,vermastutz,2025-05-02,20:17:24,-07:00,2025-05-02T20:17:24-07:00,0,17
projects/projects.js,100,js,aecead2d,vermastutz,2025-05-02,20:17:24,-07:00,2025-05-02T20:17:24-07:00,0,49
projects/projects.js,101,js,aecead2d,vermastutz,2025-05-02,20:17:24,-07:00,2025-05-02T20:17:24-07:00,0,40
projects/projects.js,102,js,aecead2d,vermastutz,2025-05-02,20:17:24,-07:00,2025-05-02T20:17:24-07:00,0,53
projects/projects.js,103,js,aecead2d,vermastutz,2025-05-02,20:17:24,-07:00,2025-05-02T20:17:24-07:00,0,59
projects/projects.js,104,js,aecead2d,vermastutz,2025-05-02,20:17:24,-07:00,2025-05-02T20:17:24-07:00,0,34
projects/projects.js,105,js,aecead2d,vermastutz,2025-05-02,20:17:24,-07:00,2025-05-02T20:17:24-07:00,0,2
projects/index.html,1,html,7899d080,vermastutz,2025-04-04,18:49:46,-07:00,2025-04-04T18:49:46-07:00,0,22
projects/index.html,2,html,1bf70384,vermastutz,2025-04-18,03:04:56,-07:00,2025-04-18T03:04:56-07:00,0,0
projects/index.html,3,html,82d27447,vermastutz,2025-04-25,18:53:29,-07:00,2025-04-25T18:53:29-07:00,0,39
projects/index.html,4,html,07316898,vermastutz,2025-04-11,19:51:28,-07:00,2025-04-11T19:51:28-07:00,0,0
projects/index.html,5,html,07316898,vermastutz,2025-04-11,19:51:28,-07:00,2025-04-11T19:51:28-07:00,0,12
projects/index.html,6,html,07316898,vermastutz,2025-04-11,19:51:28,-07:00,2025-04-11T19:51:28-07:00,0,42
projects/index.html,7,html,07316898,vermastutz,2025-04-11,19:51:28,-07:00,2025-04-11T19:51:28-07:00,0,6
projects/index.html,8,html,07316898,vermastutz,2025-04-11,19:51:28,-07:00,2025-04-11T19:51:28-07:00,0,0
projects/index.html,9,html,aecead2d,vermastutz,2025-05-02,20:17:24,-07:00,2025-05-02T20:17:24-07:00,0,28
projects/index.html,10,html,aecead2d,vermastutz,2025-05-02,20:17:24,-07:00,2025-05-02T20:17:24-07:00,0,59
projects/index.html,11,html,aecead2d,vermastutz,2025-05-02,20:17:24,-07:00,2025-05-02T20:17:24-07:00,0,23
projects/index.html,12,html,aecead2d,vermastutz,2025-05-02,20:17:24,-07:00,2025-05-02T20:17:24-07:00,0,5
projects/index.html,13,html,07316898,vermastutz,2025-04-11,19:51:28,-07:00,2025-04-11T19:51:28-07:00,0,0
projects/index.html,14,html,aecead2d,vermastutz,2025-05-02,20:17:24,-07:00,2025-05-02T20:17:24-07:00,0,5
projects/index.html,15,html,aecead2d,vermastutz,2025-05-02,20:17:24,-07:00,2025-05-02T20:17:24-07:00,0,16
projects/index.html,16,html,aecead2d,vermastutz,2025-05-02,20:17:24,-07:00,2025-05-02T20:17:24-07:00,0,12
projects/index.html,17,html,aecead2d,vermastutz,2025-05-02,20:17:24,-07:00,2025-05-02T20:17:24-07:00,0,27
projects/index.html,18,html,aecead2d,vermastutz,2025-05-02,20:17:24,-07:00,2025-05-02T20:17:24-07:00,0,32
projects/index.html,19,html,aecead2d,vermastutz,2025-05-02,20:17:24,-07:00,2025-05-02T20:17:24-07:00,0,1
projects/index.html,20,html,7899d080,vermastutz,2025-04-04,18:49:46,-07:00,2025-04-04T18:49:46-07:00,0,0
projects/index.html,21,html,7899d080,vermastutz,2025-04-04,18:49:46,-07:00,2025-04-04T18:49:46-07:00,0,5
projects/index.html,22,html,07316898,vermastutz,2025-04-11,19:51:28,-07:00,2025-04-11T19:51:28-07:00,0,21
projects/index.html,23,html,17067399,vermastutz,2025-04-25,18:25:16,-07:00,2025-04-25T18:25:16-07:00,0,13
projects/index.html,24,html,07316898,vermastutz,2025-04-11,19:51:28,-07:00,2025-04-11T19:51:28-07:00,0,30
projects/index.html,25,html,07316898,vermastutz,2025-04-11,19:51:28,-07:00,2025-04-11T19:51:28-07:00,0,71
projects/index.html,26,html,07316898,vermastutz,2025-04-11,19:51:28,-07:00,2025-04-11T19:51:28-07:00,0,211
projects/index.html,27,html,07316898,vermastutz,2025-04-11,19:51:28,-07:00,2025-04-11T19:51:28-07:00,0,9
projects/index.html,28,html,07316898,vermastutz,2025-04-11,19:51:28,-07:00,2025-04-11T19:51:28-07:00,0,8
projects/index.html,29,html,07316898,vermastutz,2025-04-11,19:51:28,-07:00,2025-04-11T19:51:28-07:00,0,36
projects/index.html,30,html,07316898,vermastutz,2025-04-11,19:51:28,-07:00,2025-04-11T19:51:28-07:00,0,71
projects/index.html,31,html,07316898,vermastutz,2025-04-11,19:51:28,-07:00,2025-04-11T19:51:28-07:00,0,222
projects/index.html,32,html,07316898,vermastutz,2025-04-11,19:51:28,-07:00,2025-04-11T19:51:28-07:00,0,9
projects/index.html,33,html,07316898,vermastutz,2025-04-11,19:51:28,-07:00,2025-04-11T19:51:28-07:00,0,8
projects/index.html,34,html,07316898,vermastutz,2025-04-11,19:51:28,-07:00,2025-04-11T19:51:28-07:00,0,41
projects/index.html,35,html,07316898,vermastutz,2025-04-11,19:51:28,-07:00,2025-04-11T19:51:28-07:00,0,71
projects/index.html,36,html,07316898,vermastutz,2025-04-11,19:51:28,-07:00,2025-04-11T19:51:28-07:00,0,231
projects/index.html,37,html,07316898,vermastutz,2025-04-11,19:51:28,-07:00,2025-04-11T19:51:28-07:00,0,9
projects/index.html,38,html,07316898,vermastutz,2025-04-11,19:51:28,-07:00,2025-04-11T19:51:28-07:00,0,8
projects/index.html,39,html,07316898,vermastutz,2025-04-11,19:51:28,-07:00,2025-04-11T19:51:28-07:00,0,44
projects/index.html,40,html,07316898,vermastutz,2025-04-11,19:51:28,-07:00,2025-04-11T19:51:28-07:00,0,71
projects/index.html,41,html,07316898,vermastutz,2025-04-11,19:51:28,-07:00,2025-04-11T19:51:28-07:00,0,201
projects/index.html,42,html,07316898,vermastutz,2025-04-11,19:51:28,-07:00,2025-04-11T19:51:28-07:00,0,9
projects/index.html,43,html,07316898,vermastutz,2025-04-11,19:51:28,-07:00,2025-04-11T19:51:28-07:00,0,8
projects/index.html,44,html,07316898,vermastutz,2025-04-11,19:51:28,-07:00,2025-04-11T19:51:28-07:00,0,38
projects/index.html,45,html,07316898,vermastutz,2025-04-11,19:51:28,-07:00,2025-04-11T19:51:28-07:00,0,71
projects/index.html,46,html,07316898,vermastutz,2025-04-11,19:51:28,-07:00,2025-04-11T19:51:28-07:00,0,238
projects/index.html,47,html,07316898,vermastutz,2025-04-11,19:51:28,-07:00,2025-04-11T19:51:28-07:00,0,9
projects/index.html,48,html,07316898,vermastutz,2025-04-11,19:51:28,-07:00,2025-04-11T19:51:28-07:00,0,8
projects/index.html,49,html,07316898,vermastutz,2025-04-11,19:51:28,-07:00,2025-04-11T19:51:28-07:00,0,27
projects/index.html,50,html,07316898,vermastutz,2025-04-11,19:51:28,-07:00,2025-04-11T19:51:28-07:00,0,71
projects/index.html,51,html,07316898,vermastutz,2025-04-11,19:51:28,-07:00,2025-04-11T19:51:28-07:00,0,224
projects/index.html,52,html,07316898,vermastutz,2025-04-11,19:51:28,-07:00,2025-04-11T19:51:28-07:00,0,9
projects/index.html,53,html,07316898,vermastutz,2025-04-11,19:51:28,-07:00,2025-04-11T19:51:28-07:00,0,8
projects/index.html,54,html,07316898,vermastutz,2025-04-11,19:51:28,-07:00,2025-04-11T19:51:28-07:00,0,40
projects/index.html,55,html,07316898,vermastutz,2025-04-11,19:51:28,-07:00,2025-04-11T19:51:28-07:00,0,71
projects/index.html,56,html,07316898,vermastutz,2025-04-11,19:51:28,-07:00,2025-04-11T19:51:28-07:00,0,224
projects/index.html,57,html,07316898,vermastutz,2025-04-11,19:51:28,-07:00,2025-04-11T19:51:28-07:00,0,9
projects/index.html,58,html,07316898,vermastutz,2025-04-11,19:51:28,-07:00,2025-04-11T19:51:28-07:00,0,8
projects/index.html,59,html,07316898,vermastutz,2025-04-11,19:51:28,-07:00,2025-04-11T19:51:28-07:00,0,40
projects/index.html,60,html,07316898,vermastutz,2025-04-11,19:51:28,-07:00,2025-04-11T19:51:28-07:00,0,71
projects/index.html,61,html,07316898,vermastutz,2025-04-11,19:51:28,-07:00,2025-04-11T19:51:28-07:00,0,246
projects/index.html,62,html,07316898,vermastutz,2025-04-11,19:51:28,-07:00,2025-04-11T19:51:28-07:00,0,9
projects/index.html,63,html,07316898,vermastutz,2025-04-11,19:51:28,-07:00,2025-04-11T19:51:28-07:00,0,8
projects/index.html,64,html,07316898,vermastutz,2025-04-11,19:51:28,-07:00,2025-04-11T19:51:28-07:00,0,38
projects/index.html,65,html,07316898,vermastutz,2025-04-11,19:51:28,-07:00,2025-04-11T19:51:28-07:00,0,71
projects/index.html,66,html,07316898,vermastutz,2025-04-11,19:51:28,-07:00,2025-04-11T19:51:28-07:00,0,231
projects/index.html,67,html,07316898,vermastutz,2025-04-11,19:51:28,-07:00,2025-04-11T19:51:28-07:00,0,9
projects/index.html,68,html,07316898,vermastutz,2025-04-11,19:51:28,-07:00,2025-04-11T19:51:28-07:00,0,8
projects/index.html,69,html,07316898,vermastutz,2025-04-11,19:51:28,-07:00,2025-04-11T19:51:28-07:00,0,30
projects/index.html,70,html,07316898,vermastutz,2025-04-11,19:51:28,-07:00,2025-04-11T19:51:28-07:00,0,71
projects/index.html,71,html,07316898,vermastutz,2025-04-11,19:51:28,-07:00,2025-04-11T19:51:28-07:00,0,257
projects/index.html,72,html,07316898,vermastutz,2025-04-11,19:51:28,-07:00,2025-04-11T19:51:28-07:00,0,9
projects/index.html,73,html,07316898,vermastutz,2025-04-11,19:51:28,-07:00,2025-04-11T19:51:28-07:00,0,8
projects/index.html,74,html,07316898,vermastutz,2025-04-11,19:51:28,-07:00,2025-04-11T19:51:28-07:00,0,26
projects/index.html,75,html,07316898,vermastutz,2025-04-11,19:51:28,-07:00,2025-04-11T19:51:28-07:00,0,71
projects/index.html,76,html,07316898,vermastutz,2025-04-11,19:51:28,-07:00,2025-04-11T19:51:28-07:00,0,248
projects/index.html,77,html,07316898,vermastutz,2025-04-11,19:51:28,-07:00,2025-04-11T19:51:28-07:00,0,9
projects/index.html,78,html,07316898,vermastutz,2025-04-11,19:51:28,-07:00,2025-04-11T19:51:28-07:00,0,8
projects/index.html,79,html,07316898,vermastutz,2025-04-11,19:51:28,-07:00,2025-04-11T19:51:28-07:00,0,34
projects/index.html,80,html,07316898,vermastutz,2025-04-11,19:51:28,-07:00,2025-04-11T19:51:28-07:00,0,71
projects/index.html,81,html,07316898,vermastutz,2025-04-11,19:51:28,-07:00,2025-04-11T19:51:28-07:00,0,247
projects/index.html,82,html,17067399,vermastutz,2025-04-25,18:25:16,-07:00,2025-04-25T18:25:16-07:00,0,13
projects/index.html,83,html,07316898,vermastutz,2025-04-11,19:51:28,-07:00,2025-04-11T19:51:28-07:00,0,5
projects/index.html,84,html,7899d080,vermastutz,2025-04-04,18:49:46,-07:00,2025-04-04T18:49:46-07:00,0,0
projects/index.html,85,html,1bf70384,vermastutz,2025-04-18,03:04:56,-07:00,2025-04-18T03:04:56-07:00,0,49
projects/index.html,86,html,17067399,vermastutz,2025-04-25,18:25:16,-07:00,2025-04-25T18:25:16-07:00,0,49
projects/index.html,87,html,17067399,vermastutz,2025-04-25,18:25:16,-07:00,2025-04-25T18:25:16-07:00,0,48
projects/index.html,88,html,7899d080,vermastutz,2025-04-04,18:49:46,-07:00,2025-04-04T18:49:46-07:00,0,6
meta/index.html,1,html,00000000,Not Committed Yet,2025-05-09,18:57:49,-07:00,2025-05-09T18:57:49-07:00,0,0
meta/index.html,2,html,00000000,Not Committed Yet,2025-05-09,18:57:49,-07:00,2025-05-09T18:57:49-07:00,0,0
meta/index.html,3,html,fc98672f,vermastutz,2025-05-09,18:53:44,-07:00,2025-05-09T18:53:44-07:00,0,18
meta/index.html,4,html,fc98672f,vermastutz,2025-05-09,18:53:44,-07:00,2025-05-09T18:53:44-07:00,0,44
meta/index.html,5,html,fc98672f,vermastutz,2025-05-09,18:53:44,-07:00,2025-05-09T18:53:44-07:00,0,55
meta/index.html,6,html,fc98672f,vermastutz,2025-05-09,18:53:44,-07:00,2025-05-09T18:53:44-07:00,0,0
meta/index.html,7,html,fc98672f,vermastutz,2025-05-09,18:53:44,-07:00,2025-05-09T18:53:44-07:00,0,5
meta/index.html,8,html,00000000,Not Committed Yet,2025-05-09,18:57:49,-07:00,2025-05-09T18:57:49-07:00,0,12
meta/index.html,9,html,fc98672f,vermastutz,2025-05-09,18:53:44,-07:00,2025-05-09T18:53:44-07:00,0,59
meta/index.html,10,html,fc98672f,vermastutz,2025-05-09,18:53:44,-07:00,2025-05-09T18:53:44-07:00,0,0
meta/index.html,11,html,fc98672f,vermastutz,2025-05-09,18:53:44,-07:00,2025-05-09T18:53:44-07:00,0,33
meta/index.html,12,html,fc98672f,vermastutz,2025-05-09,18:53:44,-07:00,2025-05-09T18:53:44-07:00,0,6
meta/index.html,13,html,fc98672f,vermastutz,2025-05-09,18:53:44,-07:00,2025-05-09T18:53:44-07:00,0,6
contact/index.html,1,html,7899d080,vermastutz,2025-04-04,18:49:46,-07:00,2025-04-04T18:49:46-07:00,0,22
contact/index.html,2,html,1bf70384,vermastutz,2025-04-18,03:04:56,-07:00,2025-04-18T03:04:56-07:00,0,0
contact/index.html,3,html,07316898,vermastutz,2025-04-11,19:51:28,-07:00,2025-04-11T19:51:28-07:00,0,20
contact/index.html,4,html,07316898,vermastutz,2025-04-11,19:51:28,-07:00,2025-04-11T19:51:28-07:00,0,0
contact/index.html,5,html,07316898,vermastutz,2025-04-11,19:51:28,-07:00,2025-04-11T19:51:28-07:00,0,5
contact/index.html,6,html,07316898,vermastutz,2025-04-11,19:51:28,-07:00,2025-04-11T19:51:28-07:00,0,42
contact/index.html,7,html,07316898,vermastutz,2025-04-11,19:51:28,-07:00,2025-04-11T19:51:28-07:00,0,6
contact/index.html,8,html,07316898,vermastutz,2025-04-11,19:51:28,-07:00,2025-04-11T19:51:28-07:00,0,0
contact/index.html,9,html,07316898,vermastutz,2025-04-11,19:51:28,-07:00,2025-04-11T19:51:28-07:00,0,0
contact/index.html,10,html,7899d080,vermastutz,2025-04-04,18:49:46,-07:00,2025-04-04T18:49:46-07:00,0,0
contact/index.html,11,html,7899d080,vermastutz,2025-04-04,18:49:46,-07:00,2025-04-04T18:49:46-07:00,0,5
contact/index.html,12,html,1bf70384,vermastutz,2025-04-18,03:04:56,-07:00,2025-04-18T03:04:56-07:00,0,80
contact/index.html,13,html,7899d080,vermastutz,2025-04-04,18:49:46,-07:00,2025-04-04T18:49:46-07:00,0,6
contact/index.html,14,html,7899d080,vermastutz,2025-04-04,18:49:46,-07:00,2025-04-04T18:49:46-07:00,0,7
contact/index.html,15,html,1bf70384,vermastutz,2025-04-18,03:04:56,-07:00,2025-04-18T03:04:56-07:00,0,30
contact/index.html,16,html,7899d080,vermastutz,2025-04-04,18:49:46,-07:00,2025-04-04T18:49:46-07:00,0,7
contact/index.html,17,html,7899d080,vermastutz,2025-04-04,18:49:46,-07:00,2025-04-04T18:49:46-07:00,0,6
contact/index.html,18,html,7899d080,vermastutz,2025-04-04,18:49:46,-07:00,2025-04-04T18:49:46-07:00,0,7
contact/index.html,19,html,1bf70384,vermastutz,2025-04-18,03:04:56,-07:00,2025-04-18T03:04:56-07:00,0,41
contact/index.html,20,html,7899d080,vermastutz,2025-04-04,18:49:46,-07:00,2025-04-04T18:49:46-07:00,0,7
contact/index.html,21,html,7899d080,vermastutz,2025-04-04,18:49:46,-07:00,2025-04-04T18:49:46-07:00,0,20
contact/index.html,22,html,7899d080,vermastutz,2025-04-04,18:49:46,-07:00,2025-04-04T18:49:46-07:00,0,6
contact/index.html,23,html,1bf70384,vermastutz,2025-04-18,03:04:56,-07:00,2025-04-18T03:04:56-07:00,0,0
contact/index.html,24,html,1bf70384,vermastutz,2025-04-18,03:04:56,-07:00,2025-04-18T03:04:56-07:00,0,49
contact/index.html,25,html,7899d080,vermastutz,2025-04-04,18:49:46,-07:00,2025-04-04T18:49:46-07:00,0,6
contact/index.html,26,html,7899d080,vermastutz,2025-04-04,18:49:46,-07:00,2025-04-04T18:49:46-07:00,0,0
